"Stream_Name","Feature_Type","Latitude","Longitude","Site_Name","Rvr_Mile","L_R_Bank","M_off_str","Usage","Address","Acres","Owner","Owner_Type","Parcel ID","Value"
"Beaver Creek","tributary",60.5465,-151.145,"tributary_20",0.64,"L",-14.59,"110 Residential Dwelling - single","855 AMES RD",5.91,"PADGETT MACK & CAROL LIVING TRUST","PRIVATE",4904098,"137500"
"Beaver Creek","ditch",60.5499,-151.135,"ditch_14",1.09,"L",-35.84,"100 Residential Vacant","610 TIDAL ST",23,"KENAI CITY OF","MUNICIPAL",4926125,"13800"
"Beaver Creek","unknown",60.5519,-151.135,"unknown_13",1.22,"R",3.18,"110 Residential Dwelling - single","3080 KIM N ANG CT",7.08,"BALDWIN BARBARA L","PRIVATE",4926130,"43900"
"Beaver Creek","hyporheic",60.5547,-151.134,"hyporheic_11",1.65,"R",3.46,"100 Residential Vacant","370 TIDAL ST",18,"KENAI CITY OF","MUNICIPAL",4926216,"11600"
"Beaver Creek","tributary",60.5552,-151.134,"tributary_12",1.7,"R",4.41,"100 Residential Vacant","351 DOLCHOK LN",0.41,"KENAI CITY OF","MUNICIPAL",4926210,"100"
"Beaver Creek","tributary",60.5564,-151.129,"tributary_10",1.87,"R",12.28,"100 Residential Vacant","",2.3,"CHADWICK JAMES F","PRIVATE",4926215,"1500"
"Beaver Creek","tributary",60.5564,-151.129,"tributary_9",2.05,"L",-7.68,"100 Residential Vacant","275 TIDAL ST",5.3,"SCHEFFERT MARK","PRIVATE",4904072,"11800"
"Beaver Creek","spring",60.5586,-151.126,"spring_18",2.34,"L",-54.33,"110 Residential Dwelling - single","214 EISENHOWER LN",8.41,"BUMBALOUGH DON","PRIVATE",4904009,"40000"
"Beaver Creek","spring",60.5586,-151.126,"spring_17",2.34,"L",-57.29,"110 Residential Dwelling - single","214 EISENHOWER LN",8.41,"BUMBALOUGH DON","PRIVATE",4904009,"40000"
"Beaver Creek","tributary",60.5601,-151.126,"tributary_15",2.45,"R",23.66,"100 Residential Vacant","6159 KENAI SPUR HWY",21.26,"KENAI CITY OF","MUNICIPAL",4108013,"17700"
"Beaver Creek","tributary",60.5599199,-151.1263359,"tributary_8",2.45,"R",3.87,"100 Residential Vacant","6159 KENAI SPUR HWY",21.26,"KENAI CITY OF","MUNICIPAL",4108013,"17700"
"Beaver Creek","side channel",60.5625,-151.122,"side channel_7",2.72,"L",-12.63,"100 Residential Vacant","6159 KENAI SPUR HWY",21.26,"KENAI CITY OF","MUNICIPAL",4108013,"17700"
"Beaver Creek","hyporheic",60.5627,-151.123,"hyporheic_16",2.73,"R",36.85,"100 Residential Vacant","6159 KENAI SPUR HWY",21.26,"KENAI CITY OF","MUNICIPAL",4108013,"17700"
"Beaver Creek","side channel",60.5638,-151.118,"side channel_19",3.03,"L",-63.75,"100 Residential Vacant","460 SHOTGUN DR",28.78,"ALASKA STATE D N R","STATE",4103060,"67200"
"Beaver Creek","side channel",60.5646,-151.118,"side channel_5",3.08,"R",6.21,"100 Residential Vacant","460 SHOTGUN DR",28.78,"ALASKA STATE D N R","STATE",4103060,"67200"
"Beaver Creek","side channel",60.5648,-151.118,"side channel_6",3.09,"R",29.38,"100 Residential Vacant","460 SHOTGUN DR",28.78,"ALASKA STATE D N R","STATE",4103060,"67200"
"Beaver Creek","tributary",60.5659,-151.114,"tributary_4",3.38,"L",-11.61,"100 Residential Vacant","",2.68,"SPENCER JOHN S","PRIVATE",2514108,"17000"
"Beaver Creek","tributary",60.5668,-151.113,"tributary_3",3.5,"R",14.22,"132 Residential MHomes 2-4","",29.33,"SPENCER JOHN S","PRIVATE",2514107,"12700"
"Beaver Creek","tributary",60.5666,-151.111,"tributary_2",3.6,"L",-14.55,"132 Residential MHomes 2-4","",29.33,"SPENCER JOHN S","PRIVATE",2514107,"12700"
"Beaver Creek","hyporheic",60.5702,-151.104,"hyporheic_1",4.22,"R",26.52,"100 Residential Vacant","",80,"SPENCER JOHN S","PRIVATE",2514104,"13300"
"Beaver Creek","tributary",60.5705,-151.1,"tributary_0",4.45,"L",-2.82,"100 Residential Vacant","",160,"SNOWSHOE GUN CLUB","PRIVATE",2514101,"64000"
"Crooked Creek","side channel / hyporheic",60.3206,-151.281,"side channel / hyporheic_43",0.16,"R",15.01,"190 Residential Accessory Bldg","23615 KASILOF RIVER CIR",0.94,"MATHENY MICHAEL W","PRIVATE",13311162,"11600"
"Crooked Creek","tributary",60.316,-151.285,"tributary_44",0.74,"L",-4.43,"770 Gravel Pit","",578,"ALASKA STATE D N R","STATE",13311088,"288500"
"Crooked Creek","side channel",60.3116,-151.284,"side channel_41",1.3,"L",-7.54,"770 Gravel Pit","",578,"ALASKA STATE D N R","STATE",13311088,"288500"
"Crooked Creek","side channel",60.3081,-151.276,"side channel_40",2.04,"L",-41.89,"770 Gravel Pit","",578,"ALASKA STATE D N R","STATE",13311088,"288500"
"Crooked Creek","side channel",60.3074,-151.276,"side channel_39",2.08,"L",-36.28,"770 Gravel Pit","",578,"ALASKA STATE D N R","STATE",13311088,"288500"
"Crooked Creek","seepage/spring",60.304,-151.276,"seepage/spring_38",2.42,"L",-59.84,"770 Gravel Pit","",578,"ALASKA STATE D N R","STATE",13311088,"288500"
"Crooked Creek","seepage/spring",60.3031,-151.274,"seepage/spring_37",2.47,"L",-22.6,"770 Gravel Pit","",578,"ALASKA STATE D N R","STATE",13311088,"288500"
"Crooked Creek","side channel",60.2939,-151.275,"side channel_35",3.69,"L",-18.88,"110 Residential Dwelling - single","59195 STERLING HWY",9.25,"JOHNSON ROBERT H & BETTY J","PRIVATE",13702155,"30400"
"Crooked Creek","side channel",60.2938,-151.275,"side channel_36",3.69,"L",-24.37,"110 Residential Dwelling - single","59195 STERLING HWY",9.25,"JOHNSON ROBERT H & BETTY J","PRIVATE",13702155,"30400"
"Crooked Creek","side channel",60.2867,-151.274,"side channel_34",4.54,"R",54.2,"110 Residential Dwelling - single","21081 CROOKED CREEK RD",8.89,"LAURIE KEITH & JEANNE","PRIVATE",13726003,"29800"
"Crooked Creek","side channel",60.2868,-151.275,"side channel_33",4.57,"R",12.34,"110 Residential Dwelling - single","52210 ICHABOD DR",9.18,"JOHNSON DOUGLAS C","PRIVATE",13726004,"30300"
"Crooked Creek","seepage/spring",60.259985,-151.270879,"seepage/spring_32",8.07,"R",92.08,"110 Residential Dwelling - single","",5.75,"MEDER CHESTER A","PRIVATE",13733120,"27,200"
"Crooked Creek","tributary",60.2306,-151.297,"tributary_31",11.84,"L",-4.13,"100 Residential Vacant","",2682.8,"UNIVERSITY OF ALASKA","STATE",13709002,"518000"
"Crooked Creek","tributary",60.2116,-151.273,"tributary_30",14.8,"L",-13.81,"100 Residential Vacant","",400,"ALASKA STATE D N R","STATE",13903012,"200000"
"Crooked Creek","tributary",60.1967,-151.238,"tributary_28",19.5,"R",19.38,"100 Residential Vacant","",160,"ALASKA STATE D N R","STATE",13904018,"126500"
"Crooked Creek","tributary",60.1966,-151.238,"tributary_29",19.5,"R",31.2,"100 Residential Vacant","",160,"ALASKA STATE D N R","STATE",13904018,"126500"
"Crooked Creek","seepage/spring",60.1936,-151.235,"seepage/spring_27",19.9,"L",-9.11,"100 Residential Vacant","",160,"ALASKA STATE D N R","STATE",13904018,"126500"
"Crooked Creek","seepage/spring",60.1937,-151.235,"seepage/spring_26",19.9,"L",-3.06,"100 Residential Vacant","",160,"ALASKA STATE D N R","STATE",13904018,"126500"
"Crooked Creek","seepage/spring",60.1935,-151.234,"seepage/spring_25",20.01,"R",9.52,"100 Residential Vacant","",160,"ALASKA STATE D N R","STATE",13904018,"126500"
"Crooked Creek","seepage/spring",60.1932,-151.233,"seepage/spring_24",20.06,"R",34.98,"100 Residential Vacant","",160,"ALASKA STATE D N R","STATE",13904018,"126500"
"Crooked Creek","seepage/spring",60.1928,-151.234,"seepage/spring_22",20.08,"L",-5.15,"100 Residential Vacant","",160,"ALASKA STATE D N R","STATE",13904018,"126500"
"Crooked Creek","seepage/spring",60.1926,-151.234,"seepage/spring_23",20.11,"L",-30.57,"100 Residential Vacant","",160,"ALASKA STATE D N R","STATE",13904018,"126500"
"Crooked Creek","seepage/spring",60.1926,-151.234,"seepage/spring_42",20.12,"L",-1.99,"100 Residential Vacant","",160,"ALASKA STATE D N R","STATE",13904018,"126500"
"Crooked Creek","hyporheic",60.1685,-151.203,"hyporheic_21",23.04,"L",-12,"100 Residential Vacant","",11900,"U S FISH & WILDLIFE","FEDERAL",13514003,"1968800"
"Funny River","side channel",60.4897,-150.86,"side channel_45",0.32,"R",17.73,"110 Residential Dwelling - single","37300 NUBIAN AVE",5,"PLAYLE JESSE J & BONNIE M","PRIVATE",6601008,"43200"
"Funny River","side channel",60.4879,-150.856,"side channel_46",0.59,"L",-44.15,"100 Residential Vacant","",40,"ALASKA STATE D N R","STATE",6601020,"179300"
"Funny River","tributary",60.4883,-150.852,"tributary_47",0.83,"L",-9.18,"110 Residential Dwelling - single","36836 NUBIAN AVE",4.26,"WILLIAMS CLARENCE DARRELL","PRIVATE",6604055,"28200"
"Funny River","seepage/spring",60.4807,-150.813,"seepage/spring_48",3.62,"L",-39.16,"100 Residential Vacant","",154.03,"DEJAX CLIFF","PRIVATE",6642076,"207600"
"Funny River","seepage/spring",60.4796,-150.807,"seepage/spring_49",4.13,"L",-102.78,"100 Residential Vacant","",280,"COOK INLET REGION INC","NATIVE",6604068,"328000"
"Funny River","seepage/spring",60.4795,-150.807,"seepage/spring_50",4.15,"L",-94.57,"100 Residential Vacant","",280,"COOK INLET REGION INC","NATIVE",6604068,"328000"
"Funny River","side channel",60.4796,-150.801,"side channel_54",4.37,"R",8.17,"100 Residential Vacant","",40,"COOK INLET REGION INC","NATIVE",6604053,"105300"
"Funny River","side channel",60.4796,-150.801,"side channel_55",4.37,"R",25.81,"100 Residential Vacant","",40,"COOK INLET REGION INC","NATIVE",6604053,"105300"
"Funny River","side channel",60.4795,-150.8,"side channel_56",4.39,"R",25.26,"100 Residential Vacant","",40,"COOK INLET REGION INC","NATIVE",6604053,"105300"
"Funny River","seepage/spring",60.4777,-150.803,"seepage/spring_51",4.57,"L",-201.41,"100 Residential Vacant","",280,"COOK INLET REGION INC","NATIVE",6604068,"328000"
"Funny River","seepage/spring",60.4763,-150.8,"seepage/spring_53",4.69,"L",-105.77,"100 Residential Vacant","",280,"COOK INLET REGION INC","NATIVE",6604068,"328000"
"Funny River","seepage/spring",60.4769,-150.802,"seepage/spring_52",4.69,"L",-176.71,"100 Residential Vacant","",280,"COOK INLET REGION INC","NATIVE",6604068,"328000"
"Funny River","spring",60.4729,-150.776,"spring_57",5.79,"R",142.69,"100 Residential Vacant","",34560,"U S FISH & WILDLIFE","FEDERAL",13501002,"3427600"
"Moose River","tributary",60.5424889,-150.7472504,"tributary_58",0.67,"L",-158.11,"100 Residential Vacant","",2,"DRAGON B PROPERTIES A TRUST","PRIVATE",6502013,"12,000"
"Moose River","effluent outflow",60.5467,-150.744,"effluent outflow_59",0.96,"L",-173.55,"112 Residential Dwellings 2-4","39185 OTTER TRAIL RD",39.22,"MERKES KENNETH & RENEE D","PRIVATE",6548038,"187800"
"Moose River","tributary",60.5489,-150.748,"tributary_63",1.06,"R",114.39,"110 Residential Dwelling - single","39202 MOOSE RIVER DR",6.92,"SCHMELING SHANNON L R SELF TRUSTEED TRUST","PRIVATE",6522113,"200400"
"Moose River","spring",60.558,-150.737,"spring_61",1.79,"R",67.2,"100 Residential Vacant","",5,"FERGUSON TIMOTHY C","PRIVATE",6548022,"143800"
"Moose River","spring",60.5582,-150.736,"spring_60",1.81,"R",99.69,"100 Residential Vacant","",12,"FERGUSON TIMOTHY C","PRIVATE",6548006,"213100"
